,Experimental_RT,Predicted_RT
0,2.26,3.119999885559082
1,2.12,3.3399999141693115
2,24.64,17.440000534057614
3,19.43,16.860000610351562
4,9.13,9.199999809265137
5,13.06,14.149999618530273
6,21.64,20.59000015258789
7,8.95,6.389999866485597
8,15.77,15.65999984741211
9,10.32,9.479999542236328
10,5.57,3.619999885559082
11,8.38,8.729999542236326
12,16.42,15.270000457763672
13,23.9,20.940000534057614
14,20.29,19.61000061035156
15,22.61,22.01000022888184
16,18.03,15.1899995803833
17,15.69,16.5
18,15.36,14.390000343322756
19,3.39,3.130000114440918
20,3.72,6.420000076293945
21,9.46,10.199999809265137
22,20.77,16.719999313354492
23,8.72,6.579999923706055
24,18.09,11.3100004196167
25,18.1,16.979999542236328
26,15.09,13.5600004196167
27,19.38,17.950000762939453
28,17.57,15.949999809265135
29,8.42,10.5600004196167
30,2.22,4.300000190734863
31,1.15,2.8299999237060547
32,16.59,16.319999694824222
33,22.65,20.209999084472656
34,24.1,19.350000381469727
35,15.55,14.079999923706055
36,3.65,3.5899999141693115
37,22.54,20.01000022888184
38,22.52,19.549999237060547
39,3.0,3.4800000190734863
40,14.6,15.210000038146973
41,11.69,12.609999656677244
42,16.3,14.949999809265135
43,16.38,16.510000228881836
44,8.73,8.100000381469728
45,25.44,21.59000015258789
46,1.69,2.1199998855590816
47,4.47,3.359999895095825
48,9.38,10.760000228881836
49,11.76,12.8100004196167
50,23.25,22.07999992370605
51,21.73,18.38999938964844
52,1.48,1.7999999523162842
53,10.18,9.369999885559082
54,6.4,8.029999732971191
55,17.49,17.239999771118164
56,23.45,21.450000762939453
57,2.63,3.3299999237060547
58,4.58,3.539999961853028
59,11.12,10.90999984741211
60,9.55,8.890000343322754
61,25.39,23.76000022888184
62,12.99,14.640000343322756
63,18.63,18.36000061035156
64,2.02,1.9299999475479128
65,10.54,11.109999656677246
66,13.34,13.720000267028807
67,8.91,8.770000457763674
68,6.79,6.139999866485597
69,11.34,10.800000190734863
70,24.6,21.31999969482422
71,5.49,4.329999923706056
72,20.19,18.07999992370605
73,7.53,7.309999942779541
74,6.06,7.559999942779541
75,13.61,14.09000015258789
76,16.8,16.950000762939453
77,7.17,5.71999979019165
78,21.63,17.8700008392334
79,8.9,9.210000038146973
80,10.89,10.760000228881836
81,1.88,2.630000114440918
82,23.93,21.899999618530273
83,13.36,12.920000076293945
84,22.61,19.850000381469727
85,16.55,14.6899995803833
86,18.47,17.440000534057614
87,23.88,18.59000015258789
88,6.19,8.289999961853027
89,3.27,6.4000000953674325
90,13.21,11.4399995803833
91,21.31,16.870000839233402
92,25.04,22.920000076293945
93,1.6,1.8799999952316284
94,13.65,11.899999618530273
95,15.28,13.25
96,13.62,14.239999771118164
97,10.18,10.329999923706056
98,23.75,20.100000381469727
99,15.07,12.640000343322756
100,11.44,11.609999656677244
101,9.37,9.539999961853027
102,16.91,16.079999923706055
103,14.11,12.609999656677244
104,15.09,13.920000076293945
105,6.59,6.170000076293945
106,6.0,5.03000020980835
107,16.31,15.949999809265135
108,13.87,13.869999885559082
109,4.2,5.989999771118164
110,13.69,14.09000015258789
111,20.08,15.15999984741211
112,13.13,12.970000267028807
113,6.8,7.119999885559082
114,13.88,13.06999969482422
115,5.71,7.21999979019165
116,20.49,18.09000015258789
117,13.23,10.6899995803833
118,3.0,3.309999942779541
119,21.24,19.18000030517578
120,18.56,15.010000228881836
121,3.02,3.2699999809265137
122,7.25,6.75
123,18.01,15.899999618530273
124,9.82,8.670000076293945
125,5.87,3.7300000190734863
126,6.97,7.78000020980835
127,14.11,14.18000030517578
128,11.59,12.369999885559082
129,8.29,9.890000343322754
130,8.67,8.729999542236326
131,14.39,13.989999771118164
132,11.37,12.510000228881836
133,19.14,18.299999237060547
134,15.65,15.329999923706055
135,11.82,11.84000015258789
136,10.81,10.579999923706056
137,16.35,16.040000915527347
138,15.32,12.449999809265135
139,15.13,14.729999542236328
140,15.29,20.84000015258789
141,3.0,4.050000190734863
142,7.07,11.359999656677244
143,10.52,11.25
144,12.74,11.779999732971193
145,3.05,3.5799999237060547
146,1.59,1.0099999904632568
147,13.77,12.5600004196167
148,10.82,9.3100004196167
149,8.27,7.769999980926514
150,11.19,11.369999885559082
151,8.59,8.409999847412111
152,9.57,9.25
153,13.2,14.149999618530273
154,9.79,11.5
155,1.49,1.75
156,9.65,9.59000015258789
157,12.01,14.210000038146973
158,10.07,10.529999732971193
159,2.17,7.880000114440918
160,14.12,9.890000343322754
161,10.58,11.270000457763672
162,1.79,2.1300001144409184
163,9.51,9.300000190734863
164,17.62,11.859999656677244
165,1.28,1.9600000381469729
166,7.84,6.960000038146973
167,5.16,5.039999961853027
168,4.4,4.2100000381469735
169,8.87,8.930000305175781
170,11.36,10.960000038146973
171,26.7,24.63999938964844
172,7.68,7.630000114440918
173,16.51,16.200000762939453
174,24.54,21.81999969482422
175,18.04,16.020000457763672
176,10.77,12.449999809265135
177,2.94,3.6800000667572017
178,16.72,15.579999923706055
179,15.8,15.369999885559082
180,18.51,17.479999542236328
181,3.32,5.010000228881836
182,22.09,19.26000022888184
183,5.85,6.329999923706055
184,13.61,11.880000114440918
185,10.78,11.600000381469727
186,15.9,17.120000839233402
187,15.62,16.399999618530273
188,1.75,3.0999999046325684
189,8.95,8.949999809265137
190,11.91,13.140000343322756
191,6.03,6.269999980926514
192,21.27,18.299999237060547
193,12.94,13.579999923706055
194,22.38,20.21999931335449
195,23.98,23.1200008392334
196,5.97,6.579999923706055
197,13.33,13.720000267028807
198,5.17,6.730000019073486
199,10.12,9.449999809265137
200,24.18,21.32999992370605
201,21.85,19.51000022888184
202,5.79,4.71999979019165
203,15.82,14.210000038146973
204,12.11,12.579999923706055
205,12.74,12.56999969482422
206,16.58,15.869999885559082
207,3.44,3.7000000476837163
208,9.06,13.149999618530273
209,5.05,6.170000076293945
210,24.95,20.989999771118164
211,12.3,13.270000457763672
212,16.62,13.8100004196167
213,19.45,18.149999618530273
214,27.74,24.81999969482422
215,17.11,16.129999160766598
216,24.69,21.32999992370605
217,11.05,10.170000076293944
218,24.51,21.239999771118164
219,22.83,21.799999237060547
220,9.19,9.3100004196167
221,8.62,7.630000114440918
222,16.69,11.020000457763672
223,9.43,9.9399995803833
224,14.29,13.5600004196167
225,7.58,9.210000038146973
226,10.21,8.760000228881836
227,2.81,3.259999990463257
228,13.45,10.6899995803833
229,26.3,22.290000915527344
230,13.52,11.949999809265135
231,2.74,3.2000000476837163
232,11.52,12.25
233,20.86,19.21999931335449
234,18.14,13.229999542236328
235,23.77,23.020000457763672
236,7.57,7.360000133514403
237,15.42,13.18000030517578
238,17.34,16.469999313354492
239,8.67,10.40999984741211
240,2.01,6.789999961853027
241,24.22,22.940000534057614
242,6.72,6.78000020980835
243,11.09,12.529999732971193
244,12.22,12.890000343322756
245,7.24,6.28000020980835
246,13.72,11.050000190734863
247,8.68,7.449999809265138
248,23.57,19.809999465942386
249,9.26,10.31999969482422
250,17.47,15.880000114440918
251,4.52,3.4800000190734863
0,5.65,7.0900001525878915
1,19.95,17.319999694824222
2,8.73,6.210000038146973
3,14.32,13.479999542236328
4,11.97,13.600000381469727
5,11.36,11.869999885559082
6,3.74,3.289999961853028
7,4.05,4.829999923706055
8,25.83,22.899999618530273
9,16.52,14.890000343322756
10,24.84,20.71999931335449
11,16.29,13.119999885559082
12,8.37,10.829999923706056
13,17.32,16.670000076293945
14,7.59,7.6500000953674325
15,9.39,9.350000381469727
16,8.54,6.53000020980835
17,12.02,9.31999969482422
18,13.57,13.90999984741211
19,7.6,8.229999542236326
20,3.32,5.010000228881836
21,10.14,6.139999866485597
22,11.0,6.6599998474121085
23,3.94,4.0
24,19.2,15.40999984741211
25,7.38,10.270000457763672
26,9.23,9.199999809265137
27,7.79,7.389999866485597
28,23.16,20.6299991607666
29,8.49,6.579999923706055
30,4.66,3.140000104904175
31,7.2,7.960000038146973
32,12.96,13.6899995803833
33,15.08,11.039999961853027
34,11.22,10.229999542236328
35,22.39,17.430000305175778
36,26.34,21.26000022888184
37,12.81,13.579999923706055
38,10.78,12.229999542236328
39,1.64,3.190000057220459
40,8.07,10.220000267028807
41,2.44,3.660000085830689
42,23.41,20.51000022888184
43,2.47,3.890000104904175
44,1.44,6.9000000953674325
45,2.24,2.7699999809265137
46,11.44,12.279999732971193
47,12.22,10.609999656677246
48,24.44,21.780000686645508
49,2.87,2.6700000762939453
50,20.61,15.34000015258789
51,5.82,7.300000190734862
52,5.98,4.53000020980835
53,25.63,21.690000534057614
54,24.65,22.030000686645508
55,9.34,6.989999771118164
56,19.27,15.050000190734865
57,12.21,12.510000228881836
58,11.65,10.6899995803833
59,3.84,3.829999923706055
60,25.49,23.51000022888184
61,20.36,21.899999618530273
62,19.47,20.729999542236328
